,two_year_recid
0,0
1,0
2,1
3,1
4,1
5,0
6,0
7,0
8,1
9,1
10,0
11,1
12,1
13,1
14,0
15,0
16,0
17,0
18,0
19,0
20,0
21,0
22,0
23,0
24,0
25,0
26,0
27,0
28,1
29,0
30,1
31,0
32,1
33,0
34,1
35,1
36,0
37,0
38,0
39,1
40,0
41,0
42,1
43,0
44,0
45,1
46,1
47,1
48,0
49,0
50,0
51,1
52,0
53,1
54,1
55,1
56,0
57,1
58,0
59,0
60,1
61,0
62,0
63,1
64,0
65,0
66,1
67,1
68,1
69,0
70,0
71,1
72,0
73,0
74,1
75,1
76,0
77,0
78,0
79,0
80,0
81,1
82,0
83,0
84,1
85,1
86,0
87,1
88,0
89,0
90,1
91,0
92,0
93,0
94,0
95,1
96,0
97,0
98,1
99,0
100,1
101,0
102,1
103,0
104,0
105,0
106,1
107,1
108,1
109,1
110,0
111,1
112,0
113,1
114,1
115,0
116,0
117,1
118,1
119,0
120,1
121,1
122,1
123,0
124,0
125,0
126,1
127,0
128,1
129,1
130,1
131,0
132,1
133,1
134,0
135,0
136,0
137,1
138,1
139,1
140,0
141,0
142,1
143,1
144,1
145,0
146,1
147,0
148,1
149,1
150,0
151,1
152,1
153,0
154,1
155,0
156,0
157,0
158,0
159,0
160,0
161,0
162,1
163,1
164,1
165,1
166,1
167,0
168,0
169,0
170,1
171,0
172,0
173,1
174,0
175,1
176,1
177,0
178,1
179,0
180,1
181,0
182,0
183,0
184,0
185,0
186,1
187,0
188,1
189,1
190,0
191,0
192,0
193,0
194,0
195,1
196,0
197,1
198,0
199,1
200,1
201,1
202,0
203,0
204,0
205,1
206,0
207,1
208,1
209,0
210,0
211,0
212,1
213,1
214,1
215,1
216,1
217,1
218,0
219,0
220,0
221,0
222,1
223,0
224,1
225,0
226,1
227,1
228,0
229,1
230,0
231,0
232,0
233,0
234,1
235,1
236,0
237,0
238,1
239,1
240,0
241,0
242,1
243,0
244,0
245,1
246,0
247,1
248,1
249,1
250,1
251,1
252,0
253,0
254,0
255,0
256,0
257,1
258,0
259,0
260,1
261,1
262,0
263,0
264,0
265,0
266,0
267,0
268,0
269,1
270,0
271,0
272,1
273,0
274,0
275,0
276,1
277,0
278,0
279,0
280,1
281,0
282,1
283,1
284,1
285,1
286,0
287,1
288,0
289,1
290,0
291,0
292,0
293,1
294,0
295,1
296,1
297,0
298,0
299,0
300,0
301,0
302,0
303,1
304,1
305,1
306,1
307,0
308,0
309,0
310,1
311,0
312,1
313,0
314,1
315,1
316,0
317,0
318,1
319,0
320,0
321,0
322,0
323,1
324,1
325,0
326,0
327,0
328,0
329,0
330,0
331,0
332,1
333,1
334,1
335,0
336,1
337,0
338,1
339,1
340,1
341,0
342,0
343,0
344,1
345,1
346,1
347,1
348,0
349,1
350,0
351,0
352,0
353,0
354,0
355,0
356,0
357,1
358,1
359,1
360,0
361,1
362,1
363,0
364,0
365,0
366,1
367,0
368,1
369,0
370,0
371,1
372,1
373,0
374,0
375,1
376,0
377,1
378,1
379,0
380,1
381,0
382,0
383,1
384,0
385,1
386,0
387,0
388,0
389,0
390,0
391,1
392,1
393,0
394,1
395,1
396,0
397,0
398,1
399,0
400,0
401,0
402,1
403,1
404,0
405,1
406,0
407,0
408,0
409,0
410,1
411,0
412,0
413,0
414,1
415,0
416,0
417,1
418,1
419,0
420,1
421,0
422,1
423,0
424,0
425,0
426,0
427,1
428,1
429,0
430,0
431,1
432,0
433,0
434,1
435,1
436,0
437,1
438,1
439,0
440,0
441,0
442,1
443,0
444,1
445,1
446,0
447,1
448,0
449,0
450,0
451,1
452,1
453,1
454,0
455,0
456,1
457,0
458,1
459,1
460,0
461,0
462,1
463,1
464,0
465,0
466,1
467,0
468,0
469,1
470,0
471,0
472,1
473,1
474,0
475,1
476,1
477,0
478,1
479,1
480,0
481,0
482,0
483,1
484,0
485,0
486,1
487,0
488,1
489,0
490,1
491,1
492,0
493,0
494,0
495,1
496,0
497,0
498,1
499,0
500,0
501,0
502,1
503,1
504,0
505,0
506,0
507,0
508,1
509,0
510,1
511,1
512,1
513,1
514,1
515,1
516,1
517,1
518,1
519,0
520,0
521,1
522,0
523,1
524,1
525,0
526,0
527,1
528,0
529,1
530,1
531,0
532,0
533,0
534,0
535,0
536,1
537,0
538,0
539,0
540,0
541,1
542,1
543,1
544,0
545,0
546,0
547,0
548,1
549,1
550,1
551,1
552,0
553,0
554,0
555,0
556,1
557,1
558,1
559,0
560,1
561,0
562,1
563,0
564,0
565,0
566,0
567,1
568,0
569,1
570,1
571,0
572,1
573,1
574,0
575,1
576,1
577,1
578,0
579,0
580,1
581,1
582,0
583,1
584,0
585,1
586,0
587,1
588,1
589,0
590,1
591,0
592,0
593,1
594,1
595,1
596,0
597,0
598,0
599,0
600,0
601,0
602,0
603,1
604,1
605,0
606,1
607,0
608,1
609,0
610,0
611,0
612,1
613,0
614,0
615,0
616,0
617,0
618,0
619,0
620,0
621,1
622,1
623,0
624,1
625,0
626,0
627,0
628,1
629,1
630,0
631,1
632,0
633,1
634,0
635,1
636,0
637,0
638,1
639,0
640,0
641,1
642,1
643,0
644,1
645,0
646,0
647,0
648,0
649,0
650,0
651,1
652,1
653,0
654,0
655,0
656,0
657,0
658,0
659,1
660,1
661,1
662,1
663,0
664,1
665,0
666,1
667,0
668,0
669,1
670,1
671,0
672,1
673,0
674,0
675,0
676,0
677,0
678,0
679,1
680,0
681,1
682,0
683,0
684,1
685,0
686,0
687,1
688,1
689,1
690,1
691,1
692,1
693,0
694,1
695,0
696,1
697,0
698,1
699,1
700,0
701,1
702,0
703,0
704,0
705,1
706,1
707,1
708,1
709,0
710,0
711,1
712,1
713,1
714,0
715,0
716,1
717,1
718,0
719,0
720,0
721,1
722,1
723,1
724,0
725,0
726,1
727,0
728,1
729,1
730,1
731,0
732,0
733,0
734,0
735,0
736,0
737,0
738,0
739,1
740,1
741,1
742,1
743,0
744,1
745,0
746,0
747,0
748,1
749,0
750,1
751,0
752,1
753,0
754,0
755,0
756,0
757,1
758,1
759,0
760,1
761,1
762,1
763,0
764,0
765,1
766,0
767,0
768,1
769,1
770,0
771,0
772,0
773,1
774,0
775,1
776,0
777,1
778,0
779,1
780,1
781,0
782,1
783,0
784,1
785,1
786,1
787,1
788,0
789,1
790,1
791,0
792,0
793,0
794,1
795,0
796,0
797,1
798,1
799,1
800,1
801,1
802,0
803,1
804,1
805,1
806,1
807,1
808,1
809,1
810,0
811,1
812,1
813,1
814,0
815,1
816,0
817,1
818,0
819,0
820,1
821,0
822,1
823,0
824,1
825,1
826,0
827,1
828,0
829,0
830,1
831,1
832,0
833,0
834,1
835,1
836,1
837,0
838,1
839,0
840,0
841,1
842,1
843,0
844,1
845,1
846,1
847,1
848,0
849,0
850,0
851,1
852,1
853,0
854,1
855,0
856,0
857,1
858,0
859,1
860,1
861,0
862,0
863,1
864,1
865,1
866,0
867,1
868,0
869,1
870,1
871,0
872,0
873,0
874,1
875,0
876,0
877,0
878,0
879,1
880,0
881,0
882,1
883,1
884,0
885,0
886,0
887,0
888,1
889,1
890,0
891,1
892,0
893,1
894,0
895,0
896,0
897,0
898,1
899,0
900,1
901,0
902,1
903,1
904,0
905,0
906,1
907,0
908,1
909,0
910,0
911,1
912,0
913,1
914,0
915,1
916,1
917,1
918,0
919,0
920,1
921,0
922,1
923,0
924,0
925,0
926,1
927,1
928,1
929,1
930,1
931,0
932,1
933,1
934,1
935,1
936,1
937,1
938,1
939,0
940,0
941,1
942,0
943,0
944,0
945,1
946,1
947,1
948,1
949,0
950,1
951,0
952,0
953,0
954,0
955,0
956,0
957,0
958,1
959,1
960,0
961,0
962,0
963,1
964,1
965,1
966,1
967,1
968,0
969,1
970,0
971,0
972,1
973,1
974,1
975,1
976,0
977,1
978,0
979,0
980,1
981,0
982,0
983,1
984,0
985,1
986,1
987,1
988,0
989,1
990,1
991,0
992,0
993,1
994,1
995,1
996,1
997,1
998,1
999,1
1000,0
1001,1
1002,0
1003,1
1004,0
1005,0
1006,1
1007,1
1008,0
1009,0
1010,0
1011,0
1012,1
1013,0
1014,1
1015,0
1016,0
1017,0
1018,0
1019,0
1020,0
1021,0
1022,1
1023,0
1024,1
1025,0
1026,0
1027,1
1028,1
1029,0
1030,1
1031,0
1032,0
1033,0
1034,1
1035,0
1036,0
1037,1
1038,0
1039,0
1040,1
1041,0
1042,0
1043,0
1044,0
1045,1
1046,1
1047,1
1048,0
1049,1
1050,0
1051,0
1052,0
1053,0
1054,0
1055,0
1056,1
1057,1
1058,0
1059,0
1060,1
1061,1
1062,0
1063,1
1064,0
1065,0
1066,1
1067,0
1068,0
1069,1
1070,1
1071,0
1072,0
1073,0
1074,1
1075,0
1076,1
1077,0
1078,1
1079,1
1080,1
1081,0
1082,0
1083,0
1084,1
1085,0
1086,1
1087,0
1088,0
1089,0
1090,0
1091,0
1092,1
1093,1
1094,1
1095,1
1096,0
1097,1
1098,0
1099,1
1100,1
1101,0
1102,0
1103,1
1104,1
1105,0
1106,1
1107,0
1108,1
1109,0
1110,0
1111,0
1112,1
1113,0
1114,1
1115,0
1116,0
1117,0
1118,0
1119,1
1120,0
1121,1
1122,0
1123,1
1124,0
1125,1
1126,0
1127,0
1128,1
1129,1
1130,0
1131,1
1132,0
1133,0
1134,1
1135,1
1136,1
1137,1
1138,1
1139,0
1140,0
1141,1
1142,1
1143,0
1144,1
1145,0
1146,0
1147,0
1148,0
1149,0
1150,1
1151,1
1152,1
1153,1
1154,1
1155,0
1156,1
1157,1
1158,1
1159,0
1160,1
1161,0
1162,1
1163,1
1164,0
1165,1
1166,0
1167,0
1168,1
1169,0
1170,1
1171,0
1172,1
1173,0
1174,0
1175,0
1176,0
1177,0
1178,0
1179,1
1180,1
1181,1
1182,1
1183,0
1184,0
1185,0
1186,1
1187,1
1188,0
1189,1
1190,0
1191,1
1192,0
1193,0
1194,0
1195,1
1196,0
1197,1
1198,1
1199,0
1200,0
1201,0
1202,1
1203,1
1204,1
1205,1
1206,1
1207,0
1208,0
1209,0
1210,1
1211,1
1212,1
1213,0
1214,0
1215,1
1216,1
1217,0
1218,1
1219,1
1220,1
1221,0
1222,0
1223,1
1224,0
1225,0
1226,1
1227,1
1228,1
1229,1
1230,1
1231,1
1232,1
1233,0
1234,1
1235,1
1236,0
1237,1
1238,0
1239,1
1240,1
1241,0
1242,1
1243,1
1244,1
1245,1
1246,0
1247,1
1248,0
1249,1
1250,0
1251,0
1252,1
1253,0
1254,0
1255,1
1256,0
1257,1
1258,1
1259,1
1260,1
1261,0
1262,0
1263,1
1264,1
1265,0
1266,0
1267,1
1268,0
1269,0
1270,1
1271,0
1272,0
1273,1
1274,0
1275,0
1276,1
1277,0
1278,0
1279,0
1280,0
1281,1
1282,0
1283,0
1284,0
1285,1
1286,0
1287,0
1288,0
1289,1
1290,0
1291,0
1292,0
1293,0
1294,1
1295,1
1296,1
1297,1
1298,1
1299,0
1300,1
1301,1
1302,0
1303,1
1304,0
1305,0
1306,0
1307,1
1308,0
1309,0
1310,0
1311,0
1312,0
1313,0
1314,1
1315,0
1316,0
1317,0
1318,1
1319,0
1320,0
1321,0
1322,1
1323,1
1324,1
1325,1
1326,1
1327,0
1328,1
1329,1
1330,0
1331,0
1332,0
1333,1
1334,0
1335,0
1336,1
1337,0
1338,1
1339,0
1340,0
1341,1
1342,0
1343,0
1344,0
1345,0
1346,1
1347,1
1348,1
1349,0
1350,1
1351,0
1352,1
1353,1
1354,0
1355,1
1356,1
1357,0
1358,0
1359,0
1360,0
1361,0
1362,1
1363,0
1364,1
1365,0
1366,0
1367,1
1368,0
1369,1
1370,0
1371,1
1372,1
1373,0
1374,0
1375,0
1376,0
1377,0
1378,0
1379,0
1380,0
1381,1
1382,1
1383,1
1384,0
1385,1
1386,0
1387,1
1388,0
1389,0
1390,1
1391,0
1392,0
1393,0
1394,1
1395,1
1396,1
1397,0
1398,0
1399,0
1400,0
1401,0
1402,0
1403,0
1404,1
1405,1
1406,1
1407,1
1408,0
1409,0
1410,1
1411,1
1412,0
1413,1
1414,1
1415,0
1416,1
1417,0
1418,1
1419,1
1420,1
1421,1
1422,0
1423,1
1424,0
1425,0
1426,0
1427,0
1428,0
1429,1
1430,0
1431,0
1432,0
1433,1
1434,1
1435,1
1436,1
1437,0
1438,0
1439,1
1440,0
1441,0
1442,1
1443,1
1444,1
1445,1
1446,1
1447,0
1448,1
1449,0
1450,1
1451,0
1452,1
1453,1
1454,1
1455,0
1456,1
1457,0
1458,0
1459,0
1460,1
1461,0
1462,1
1463,0
1464,0
1465,1
1466,0
1467,1
1468,0
1469,0
1470,1
1471,1
1472,1
1473,0
1474,0
1475,0
1476,0
1477,0
1478,0
1479,1
1480,0
1481,0
1482,0
1483,1
1484,0
1485,0
1486,0
1487,0
1488,0
1489,1
1490,0
1491,0
1492,0
1493,1
1494,1
1495,0
1496,1
1497,0
1498,0
1499,0
1500,0
1501,0
1502,1
1503,1
1504,1
1505,1
1506,0
1507,1
1508,1
1509,1
1510,1
1511,0
1512,0
1513,0
1514,0
1515,0
1516,1
1517,0
1518,0
1519,1
1520,1
1521,1
1522,1
1523,0
1524,0
1525,0
1526,0
1527,1
1528,1
1529,1
1530,1
1531,1
1532,0
1533,0
1534,1
1535,0
1536,0
1537,0
1538,0
1539,0
1540,1
1541,1
1542,1
1543,0
1544,1
1545,0
1546,1
1547,1
1548,0
1549,0
1550,0
1551,1
1552,0
1553,0
1554,1
1555,1
1556,1
1557,0
1558,1
1559,0
1560,0
1561,0
1562,1
1563,0
1564,1
1565,1
1566,1
1567,1
1568,0
1569,0
1570,1
1571,0
1572,1
1573,0
1574,0
1575,0
1576,0
1577,0
1578,0
1579,0
1580,0
1581,0
1582,0
1583,0
1584,0
1585,0
1586,0
1587,0
1588,0
1589,0
1590,1
1591,1
1592,0
1593,0
1594,0
1595,1
1596,0
1597,0
1598,0
1599,1
1600,1
1601,0
1602,1
1603,1
1604,0
1605,1
1606,1
1607,1
1608,1
1609,0
1610,1
1611,1
1612,0
1613,0
1614,1
1615,1
1616,0
1617,0
1618,0
1619,1
1620,0
1621,0
1622,0
1623,1
1624,0
1625,0
1626,0
1627,0
1628,1
1629,0
1630,0
1631,1
1632,1
1633,0
1634,1
1635,1
1636,0
1637,0
1638,0
1639,0
1640,1
1641,1
1642,0
1643,1
1644,0
1645,1
1646,0
1647,0
1648,0
1649,0
1650,0
1651,1
1652,1
1653,0
1654,0
1655,0
1656,0
1657,1
1658,0
1659,1
1660,1
1661,1
1662,1
1663,0
1664,0
1665,0
1666,0
1667,0
1668,0
1669,1
1670,0
1671,0
1672,0
1673,1
1674,0
1675,0
1676,0
1677,1
1678,0
1679,1
1680,0
1681,0
1682,1
1683,0
1684,1
1685,1
1686,1
1687,0
1688,1
1689,1
1690,1
1691,1
1692,0
1693,0
1694,1
1695,1
1696,1
1697,1
1698,1
1699,1
1700,0
1701,0
1702,1
1703,0
1704,0
1705,1
1706,1
1707,0
1708,1
1709,1
1710,0
1711,0
1712,0
1713,1
1714,1
1715,0
1716,0
1717,0
1718,0
1719,0
1720,0
1721,0
1722,1
1723,0
1724,0
1725,0
1726,0
1727,1
1728,1
1729,1
1730,1
1731,0
1732,0
1733,1
1734,1
1735,0
1736,1
1737,1
1738,0
1739,1
1740,1
1741,0
1742,1
1743,0
1744,0
1745,1
1746,0
1747,0
1748,0
1749,0
1750,1
1751,1
1752,1
1753,0
1754,0
1755,1
1756,1
1757,1
1758,1
1759,0
1760,0
1761,1
1762,0
1763,0
1764,0
1765,1
1766,1
1767,1
1768,0
1769,1
1770,0
1771,1
1772,1
1773,1
1774,0
1775,0
1776,1
1777,0
1778,1
1779,1
1780,1
1781,0
1782,0
1783,1
1784,1
1785,0
1786,1
1787,0
1788,0
1789,0
1790,0
1791,0
1792,1
1793,1
1794,0
1795,0
1796,0
1797,1
1798,0
1799,0
1800,0
1801,0
1802,1
1803,1
1804,1
1805,0
1806,0
1807,0
1808,0
1809,1
1810,0
1811,0
1812,0
1813,1
1814,0
1815,1
1816,1
1817,1
1818,0
1819,0
1820,0
1821,0
1822,1
1823,0
1824,0
1825,0
1826,0
1827,0
1828,0
1829,1
1830,1
1831,0
1832,0
1833,0
1834,0
1835,1
1836,0
1837,1
1838,0
1839,1
1840,0
1841,1
1842,1
1843,0
1844,1
1845,0
1846,1
1847,1
1848,1
1849,1
1850,0
1851,1
1852,0
1853,0
1854,1
1855,1
1856,1
1857,0
1858,1
1859,0
1860,1
1861,0
1862,1
1863,0
1864,0
1865,0
1866,1
1867,0
1868,0
1869,1
1870,0
1871,0
1872,0
1873,1
1874,1
1875,1
1876,1
1877,0
1878,1
1879,0
1880,0
1881,1
1882,1
1883,0
1884,0
1885,1
1886,1
1887,1
1888,0
1889,0
1890,1
1891,0
1892,0
1893,0
1894,0
1895,1
1896,0
1897,0
1898,0
1899,1
1900,1
1901,0
1902,0
1903,0
1904,1
1905,1
1906,0
1907,0
1908,0
1909,0
1910,0
1911,0
1912,0
1913,0
1914,0
1915,1
1916,0
1917,0
1918,0
1919,1
1920,0
1921,0
1922,1
1923,0
1924,0
1925,1
1926,1
1927,1
1928,0
1929,0
1930,0
1931,0
1932,0
1933,1
1934,0
1935,0
1936,0
1937,1
1938,0
1939,0
1940,1
1941,0
1942,0
1943,1
1944,0
1945,1
1946,0
1947,1
1948,1
1949,1
1950,1
1951,1
1952,1
1953,0
1954,1
1955,0
1956,0
1957,0
1958,1
1959,1
1960,1
1961,1
1962,0
1963,0
1964,1
1965,0
1966,1
1967,1
1968,1
1969,0
1970,0
1971,1
1972,0
1973,0
1974,1
1975,1
1976,0
1977,1
1978,1
1979,1
1980,0
1981,0
1982,0
1983,0
1984,0
1985,1
1986,0
1987,1
1988,1
1989,1
1990,1
1991,0
1992,1
1993,1
1994,1
1995,0
1996,0
1997,0
1998,0
1999,0
2000,0
2001,1
2002,1
2003,0
2004,1
2005,0
2006,0
2007,1
2008,1
2009,0
2010,1
2011,0
2012,0
2013,0
2014,0
2015,1
2016,0
2017,0
2018,1
2019,0
2020,0
2021,1
2022,0
2023,0
2024,1
2025,1
2026,1
2027,0
2028,1
2029,0
2030,1
2031,1
2032,1
2033,0
2034,0
2035,0
2036,1
2037,0
2038,1
2039,0
2040,1
2041,0
2042,1
2043,0
2044,1
2045,1
2046,1
2047,0
2048,1
2049,1
2050,0
2051,0
2052,0
2053,1
2054,0
2055,0
2056,1
2057,0
2058,1
2059,1
2060,0
2061,0
2062,0
2063,0
2064,1
2065,0
2066,1
2067,0
2068,1
2069,1
2070,0
2071,1
2072,0
2073,1
2074,0
2075,0
2076,0
2077,1
2078,0
2079,1
2080,0
2081,1
2082,0
2083,1
2084,1
2085,1
2086,0
2087,1
2088,0
2089,0
2090,0
2091,1
2092,1
2093,0
2094,0
2095,0
2096,1
2097,0
2098,0
2099,0
2100,1
2101,1
2102,0
2103,1
2104,1
2105,0
2106,1
2107,0
2108,0
2109,1
2110,0
2111,0
2112,0
2113,1
2114,1
2115,1
2116,1
2117,0
2118,1
2119,1
2120,1
2121,1
2122,1
2123,0
2124,1
2125,1
2126,1
2127,0
2128,0
2129,0
2130,1
2131,0
2132,0
2133,1
2134,0
2135,0
2136,0
2137,1
2138,1
2139,1
2140,1
2141,0
2142,1
2143,1
2144,0
2145,1
2146,0
2147,1
2148,0
2149,0
2150,0
2151,1
2152,0
2153,0
2154,1
2155,0
2156,0
2157,0
2158,1
2159,0
2160,1
2161,1
2162,1
2163,1
2164,1
2165,1
2166,1
2167,0
2168,0
2169,0
2170,0
2171,1
2172,0
2173,1
2174,0
2175,1
2176,1
2177,0
2178,0
2179,0
2180,0
2181,1
2182,1
2183,1
2184,1
2185,1
2186,1
2187,0
2188,1
2189,1
2190,1
2191,0
2192,0
2193,0
2194,0
2195,0
2196,0
2197,1
2198,1
2199,0
2200,0
2201,1
2202,1
2203,0
2204,0
2205,0
2206,1
2207,0
2208,1
2209,1
2210,0
2211,1
2212,1
2213,1
2214,1
2215,0
2216,1
2217,1
2218,1
2219,1
2220,1
2221,1
2222,1
2223,1
2224,0
2225,0
2226,1
2227,0
2228,0
2229,0
2230,0
2231,1
2232,1
2233,0
2234,0
2235,0
2236,0
2237,0
2238,1
2239,0
2240,0
2241,1
2242,1
2243,0
2244,0
2245,0
2246,1
2247,0
2248,0
2249,0
2250,0
2251,1
2252,1
2253,0
2254,0
2255,0
2256,1
2257,1
2258,1
2259,0
2260,0
2261,1
2262,1
2263,0
2264,0
2265,0
2266,0
2267,1
2268,0
2269,1
2270,0
2271,0
2272,0
2273,0
2274,0
2275,0
2276,1
2277,0
2278,0
2279,0
2280,1
2281,0
2282,0
2283,0
2284,0
2285,0
2286,0
2287,0
2288,0
2289,1
2290,1
2291,0
2292,1
2293,0
2294,1
2295,0
2296,1
2297,1
2298,0
2299,1
2300,1
2301,0
2302,0
2303,1
2304,1
2305,1
2306,0
2307,0
2308,1
2309,0
2310,0
2311,0
2312,0
2313,0
2314,0
2315,0
2316,1
2317,1
2318,0
2319,1
2320,1
2321,0
2322,0
2323,0
2324,0
2325,1
2326,0
2327,1
2328,0
2329,1
2330,1
2331,0
2332,1
2333,1
2334,1
2335,0
2336,0
2337,0
2338,0
2339,0
2340,0
2341,0
2342,0
2343,1
2344,1
2345,0
2346,1
2347,1
2348,1
2349,0
2350,0
2351,0
2352,1
2353,0
2354,1
2355,0
2356,1
2357,1
2358,0
2359,1
2360,1
2361,0
2362,0
2363,0
2364,1
2365,1
2366,1
2367,1
2368,0
2369,1
2370,0
2371,1
2372,0
2373,0
2374,1
2375,0
2376,0
2377,0
2378,0
2379,0
2380,1
2381,0
2382,1
2383,0
2384,1
2385,0
2386,1
2387,0
2388,1
2389,1
2390,1
2391,1
2392,1
2393,1
2394,1
2395,0
2396,1
2397,1
2398,1
2399,1
2400,1
2401,0
2402,1
2403,0
2404,0
2405,1
2406,1
2407,1
2408,0
2409,1
2410,1
2411,0
2412,0
2413,1
2414,0
2415,0
2416,1
2417,0
2418,0
2419,0
2420,0
2421,1
2422,0
2423,0
2424,1
2425,1
2426,0
2427,1
2428,1
2429,0
2430,0
2431,1
2432,0
2433,0
2434,0
2435,0
2436,0
2437,0
2438,1
2439,0
2440,0
2441,1
2442,1
2443,0
2444,1
2445,1
2446,0
2447,0
2448,0
2449,0
2450,0
2451,1
2452,0
2453,1
2454,0
2455,0
2456,0
2457,0
2458,0
2459,0
2460,0
2461,1
2462,0
2463,0
2464,1
2465,0
2466,1
2467,0
2468,1
2469,1
2470,1
2471,0
2472,1
2473,1
2474,0
2475,0
2476,1
2477,1
2478,0
2479,0
2480,1
2481,0
2482,1
2483,1
2484,1
2485,1
2486,0
2487,1
2488,0
2489,0
2490,1
2491,1
2492,1
2493,0
2494,0
2495,0
2496,0
2497,1
2498,0
2499,0
2500,1
2501,1
2502,1
2503,0
2504,0
2505,0
2506,0
2507,0
2508,0
2509,1
2510,0
2511,0
2512,0
2513,0
2514,1
2515,1
2516,1
2517,0
2518,1
2519,0
2520,0
2521,1
2522,1
2523,1
2524,1
2525,1
2526,0
2527,0
2528,1
2529,1
2530,0
2531,0
2532,0
2533,0
2534,0
2535,0
2536,0
2537,1
2538,0
2539,1
2540,1
2541,1
2542,1
2543,0
2544,0
2545,0
2546,1
2547,1
2548,1
2549,1
2550,0
2551,1
2552,0
2553,0
2554,1
2555,1
2556,1
2557,1
2558,1
2559,0
2560,1
2561,1
2562,1
2563,1
2564,1
2565,1
2566,0
2567,0
2568,1
2569,0
2570,1
2571,1
2572,1
2573,1
2574,0
2575,1
2576,1
2577,1
2578,0
2579,0
2580,0
2581,1
2582,0
2583,0
2584,1
2585,1
2586,1
2587,1
2588,1
2589,0
2590,1
2591,0
2592,1
2593,1
2594,0
2595,0
2596,1
2597,0
2598,1
2599,1
2600,1
2601,0
2602,1
2603,0
2604,0
2605,0
2606,1
2607,0
2608,0
2609,1
2610,0
2611,0
2612,1
2613,0
2614,1
2615,0
2616,1
2617,1
2618,1
2619,0
2620,0
2621,0
2622,1
2623,1
2624,1
2625,0
2626,0
2627,1
2628,1
2629,0
2630,1
2631,1
2632,1
2633,1
2634,1
2635,0
2636,0
2637,0
2638,1
2639,0
2640,0
2641,0
2642,0
2643,0
2644,1
2645,1
2646,0
2647,0
2648,1
2649,0
2650,0
2651,0
2652,0
2653,1
2654,0
2655,0
2656,1
2657,0
2658,0
2659,0
2660,1
2661,0
2662,1
2663,1
2664,0
2665,0
2666,1
2667,0
2668,1
2669,0
2670,0
2671,0
2672,1
2673,1
2674,1
2675,0
2676,0
2677,0
2678,0
2679,0
2680,1
2681,0
2682,0
2683,1
2684,1
2685,0
2686,1
2687,0
2688,1
2689,1
2690,0
2691,0
2692,0
2693,0
2694,0
2695,0
2696,0
2697,1
2698,1
2699,1
2700,0
2701,1
2702,1
2703,0
2704,1
2705,0
2706,0
2707,0
2708,0
2709,0
2710,0
2711,0
2712,0
2713,1
2714,0
2715,1
2716,0
2717,0
2718,0
2719,1
2720,1
2721,1
2722,0
2723,0
2724,1
2725,0
2726,1
2727,0
2728,1
2729,1
2730,1
2731,1
2732,0
2733,0
2734,0
2735,0
2736,0
2737,0
2738,0
2739,1
2740,0
2741,0
2742,0
2743,1
2744,0
2745,1
2746,0
2747,1
2748,0
2749,0
2750,0
2751,0
2752,0
2753,0
2754,1
2755,0
2756,1
2757,1
2758,0
2759,0
2760,1
2761,1
2762,1
2763,1
2764,1
2765,1
2766,1
2767,1
2768,1
2769,0
2770,1
2771,1
2772,1
2773,1
2774,1
2775,1
2776,0
2777,0
2778,0
2779,1
2780,0
2781,0
2782,1
2783,1
2784,0
2785,1
2786,1
2787,1
2788,1
2789,1
2790,0
2791,1
2792,0
2793,1
2794,1
2795,0
2796,0
2797,0
2798,1
2799,1
2800,1
2801,0
2802,1
2803,1
2804,0
2805,1
2806,1
2807,1
2808,1
2809,0
2810,1
2811,0
2812,1
2813,0
2814,0
2815,0
2816,1
2817,1
2818,0
2819,0
2820,0
2821,0
2822,0
2823,0
2824,1
2825,0
2826,0
2827,1
2828,0
2829,1
2830,1
2831,1
2832,1
2833,1
2834,0
2835,1
2836,0
2837,0
2838,1
2839,0
2840,0
2841,0
2842,0
2843,1
2844,0
2845,0
2846,0
2847,0
2848,1
2849,0
2850,1
2851,0
2852,1
2853,1
2854,1
2855,0
2856,1
2857,1
2858,1
2859,0
2860,0
2861,1
2862,1
2863,0
2864,0
2865,0
2866,1
2867,0
2868,0
2869,0
2870,0
2871,1
2872,0
2873,0
2874,0
2875,0
2876,0
2877,1
2878,0
2879,1
2880,1
2881,1
2882,0
2883,1
2884,1
2885,1
2886,1
2887,0
2888,0
2889,0
2890,0
2891,1
2892,0
2893,0
2894,0
2895,1
2896,0
2897,0
2898,0
2899,1
2900,1
2901,0
2902,1
2903,0
2904,1
2905,1
2906,1
2907,0
2908,1
2909,1
2910,1
2911,1
2912,1
2913,0
2914,0
2915,1
2916,1
2917,0
2918,0
2919,1
2920,1
2921,0
2922,1
2923,1
2924,1
2925,0
2926,0
2927,1
2928,1
2929,0
2930,1
2931,1
2932,1
2933,0
2934,0
2935,1
2936,0
2937,1
2938,1
2939,0
2940,0
2941,1
2942,1
2943,1
2944,1
2945,1
2946,1
2947,1
2948,0
2949,1
2950,0
2951,1
2952,0
2953,1
2954,0
2955,1
2956,0
2957,1
2958,1
2959,0
2960,0
2961,0
2962,1
2963,1
2964,1
2965,1
2966,0
2967,1
2968,0
2969,0
2970,0
2971,1
2972,0
2973,1
2974,1
2975,1
2976,0
2977,1
2978,0
2979,1
2980,0
2981,1
2982,0
2983,1
2984,1
2985,1
2986,1
2987,1
2988,1
2989,1
2990,0
2991,1
2992,1
2993,0
2994,0
2995,0
2996,1
2997,1
2998,0
2999,1
3000,1
3001,1
3002,0
3003,0
3004,1
3005,0
3006,1
3007,1
3008,0
3009,1
3010,1
3011,0
3012,1
3013,0
3014,1
3015,1
3016,1
3017,1
3018,0
3019,1
3020,1
3021,1
3022,1
3023,1
3024,0
3025,0
3026,0
3027,1
3028,1
3029,0
3030,0
3031,1
3032,1
3033,1
3034,0
3035,1
3036,0
3037,0
3038,1
3039,0
3040,1
3041,0
3042,0
3043,0
3044,1
3045,0
3046,0
3047,1
3048,1
3049,0
3050,0
3051,0
3052,0
3053,1
3054,0
3055,0
3056,1
3057,1
3058,0
3059,0
3060,0
3061,0
3062,1
3063,0
3064,1
3065,1
3066,0
3067,0
3068,0
3069,0
3070,0
3071,0
3072,0
3073,0
3074,1
3075,1
3076,1
3077,0
3078,0
3079,1
3080,0
3081,0
3082,0
3083,1
3084,1
3085,1
3086,1
3087,0
3088,1
3089,0
3090,0
3091,0
3092,1
3093,1
3094,1
3095,1
3096,0
3097,0
3098,0
3099,0
3100,0
3101,1
3102,1
3103,0
3104,0
3105,1
3106,0
3107,0
3108,1
3109,1
3110,1
3111,1
3112,0
3113,0
3114,0
3115,1
3116,0
3117,1
3118,1
3119,0
3120,1
3121,0
3122,1
3123,0
3124,0
3125,1
3126,0
3127,1
3128,0
3129,1
3130,1
3131,0
3132,1
3133,0
3134,0
3135,0
3136,1
3137,1
3138,1
3139,1
3140,0
3141,0
3142,1
3143,1
3144,0
3145,0
3146,0
3147,1
3148,0
3149,1
3150,0
3151,0
3152,1
3153,0
3154,1
3155,0
3156,0
3157,1
3158,0
3159,0
3160,1
3161,1
3162,0
3163,0
3164,1
3165,1
3166,1
3167,0
3168,1
3169,0
3170,1
3171,1
3172,1
3173,0
3174,1
3175,0
3176,1
3177,0
3178,0
3179,1
3180,1
3181,0
3182,1
3183,0
3184,0
3185,1
3186,0
3187,1
3188,0
3189,1
3190,1
3191,0
3192,0
3193,0
3194,1
3195,1
3196,1
3197,0
3198,0
3199,0
3200,0
3201,0
3202,1
3203,1
3204,0
3205,1
3206,1
3207,1
3208,0
3209,1
3210,1
3211,0
3212,0
3213,0
3214,0
3215,1
3216,1
3217,0
3218,1
3219,1
3220,1
3221,0
3222,0
3223,0
3224,0
3225,1
3226,1
3227,0
3228,1
3229,0
3230,1
3231,1
3232,1
3233,1
3234,1
3235,1
3236,0
3237,1
3238,1
3239,0
3240,0
3241,0
3242,1
3243,1
3244,1
3245,1
3246,1
3247,1
3248,1
3249,1
3250,0
3251,1
3252,0
3253,1
3254,1
3255,1
3256,0
3257,1
3258,1
3259,1
3260,1
3261,1
3262,1
3263,1
3264,1
3265,1
3266,0
3267,0
3268,1
3269,0
3270,1
3271,1
3272,0
3273,1
3274,0
3275,1
3276,0
3277,0
3278,1
3279,1
3280,1
3281,0
3282,0
3283,0
3284,1
3285,0
3286,0
3287,0
3288,0
3289,1
3290,1
3291,0
3292,0
3293,1
3294,0
3295,1
3296,0
3297,1
3298,1
3299,1
3300,0
3301,1
3302,0
3303,0
3304,0
3305,1
3306,0
3307,1
3308,1
3309,1
3310,1
3311,1
3312,0
3313,0
3314,1
3315,0
3316,1
3317,1
3318,0
3319,1
3320,1
3321,0
3322,0
3323,0
3324,1
3325,0
3326,0
3327,1
3328,1
3329,1
3330,0
3331,0
3332,1
3333,0
3334,1
3335,1
3336,0
3337,0
3338,1
3339,0
3340,1
3341,1
3342,0
3343,0
3344,0
3345,1
3346,0
3347,0
3348,0
3349,0
3350,1
3351,0
3352,1
3353,1
3354,0
3355,1
3356,0
3357,0
3358,1
3359,1
3360,0
3361,0
3362,0
3363,1
3364,1
3365,0
3366,1
3367,1
3368,0
3369,0
3370,1
3371,1
3372,1
3373,1
3374,0
3375,1
3376,0
3377,0
3378,1
3379,1
3380,1
3381,1
3382,0
3383,1
3384,1
3385,1
3386,0
3387,0
3388,0
3389,0
3390,0
3391,0
3392,0
3393,1
3394,0
3395,1
3396,0
3397,0
3398,1
3399,1
3400,1
3401,1
3402,1
3403,1
3404,1
3405,1
3406,1
3407,0
3408,1
3409,1
3410,1
3411,0
3412,1
3413,0
3414,0
3415,1
3416,0
3417,1
3418,1
3419,1
3420,0
3421,0
3422,0
3423,1
3424,1
3425,0
3426,1
3427,1
3428,1
3429,0
3430,1
3431,1
3432,1
3433,1
3434,0
3435,0
3436,1
3437,0
3438,1
3439,0
3440,1
3441,1
3442,1
3443,1
3444,1
3445,0
3446,1
3447,0
3448,1
3449,1
3450,1
3451,1
3452,0
3453,1
3454,1
3455,1
3456,0
3457,0
3458,0
3459,0
3460,0
3461,1
3462,1
3463,0
3464,0
3465,0
3466,1
3467,1
3468,1
3469,0
3470,0
3471,0
3472,0
3473,1
3474,1
3475,0
3476,1
3477,1
3478,0
3479,1
3480,0
3481,0
3482,0
3483,1
3484,0
3485,1
3486,0
3487,0
3488,0
3489,0
3490,0
3491,0
3492,0
3493,1
3494,0
3495,0
3496,0
3497,0
3498,1
3499,1
3500,1
3501,1
3502,1
3503,0
3504,0
3505,1
3506,0
3507,0
3508,0
3509,0
3510,1
3511,1
3512,0
3513,1
3514,1
3515,1
3516,0
3517,0
3518,1
3519,0
3520,1
3521,0
3522,1
3523,0
3524,1
3525,0
3526,1
3527,0
3528,1
3529,0
3530,1
3531,0
3532,0
3533,0
3534,0
3535,0
3536,1
3537,0
3538,1
3539,1
3540,0
3541,0
3542,1
3543,0
3544,1
3545,0
3546,1
3547,1
3548,0
3549,1
3550,1
3551,0
3552,0
3553,1
3554,0
3555,1
3556,1
3557,1
3558,1
3559,1
3560,0
3561,0
3562,1
3563,1
3564,0
3565,0
3566,0
3567,1
3568,1
3569,0
3570,1
3571,1
3572,0
3573,0
3574,1
3575,1
3576,0
3577,1
3578,0
3579,0
3580,1
3581,0
3582,1
3583,0
3584,1
3585,1
3586,0
3587,1
3588,1
3589,0
3590,1
3591,1
3592,1
3593,0
3594,0
3595,0
3596,1
3597,0
3598,1
3599,0
3600,1
3601,0
3602,1
3603,0
3604,1
3605,0
3606,1
